Index,Title,SKU,Slug,URL
0,جهاز اعداد الفشار,A.000161,جهاز-اعداد-الفشار-a000161,https://iraq-ninja-store.arabsad.com/products/جهاز-اعداد-الفشار-a000161.html
1,الشورت الحراري,A.002102,الشورت-الحراري-a002102,https://iraq-ninja-store.arabsad.com/products/الشورت-الحراري-a002102.html
2,نظارة القراءة وحماية العين من الاشعة,A.000855,نظارة-القراءة-وحماية-العين-من-الاشعة-a000855,https://iraq-ninja-store.arabsad.com/products/نظارة-القراءة-وحماية-العين-من-الاشعة-a000855.html
3,منظف ​​اسطوانة الغسالة,A.001433,منظف-اسطوانة-الغسالة-a001433,https://iraq-ninja-store.arabsad.com/products/منظف-اسطوانة-الغسالة-a001433.html
4,قلم اللحية لملئ الفراغات و تحديد,A.002225,قلم-اللحية-لملئ-الفراغات-و-تحديد-a002225,https://iraq-ninja-store.arabsad.com/products/قلم-اللحية-لملئ-الفراغات-و-تحديد-a002225.html
5,زيت أوميغا لتطويل اللحية وتعبئة الفراغات,A.000185,زيت-أوميغا-لتطويل-اللحية-وتعبئة-الفراغات-a000185,https://iraq-ninja-store.arabsad.com/products/زيت-أوميغا-لتطويل-اللحية-وتعبئة-الفراغات-a000185.html
6,ميزان الطعام,A.001247,ميزان-الطعام-a001247,https://iraq-ninja-store.arabsad.com/products/ميزان-الطعام-a001247.html
7,حزام الرقبة المغناطيسي,A.001299,حزام-الرقبة-المغناطيسي-a001299,https://iraq-ninja-store.arabsad.com/products/حزام-الرقبة-المغناطيسي-a001299.html
8,بخاخ و لوشن لإزالة الشعر من مذهلة,A.002151,بخاخ-و-لوشن-لإزالة-الشعر-من-مذهلة-a002151,https://iraq-ninja-store.arabsad.com/products/بخاخ-و-لوشن-لإزالة-الشعر-من-مذهلة-a002151.html
9,..معجون أسنان لتبييض الأسنان و ازالة البقع بشكل احترافي,A.000856,معجون-أسنان-لتبييض-الأسنان-و-ازالة-البقع-بشكل-احترافي-a000856,https://iraq-ninja-store.arabsad.com/products/معجون-أسنان-لتبييض-الأسنان-و-ازالة-البقع-بشكل-احترافي-a000856.html
10,مصباح ليد يدوي صغير  بإضاءة 6 واط,A.003137,مصباح-ليد-يدوي-صغير-بإضاءة-6-واط-a003137,https://iraq-ninja-store.arabsad.com/products/مصباح-ليد-يدوي-صغير-بإضاءة-6-واط-a003137.html
11,سله المهملات,A.001245,سله-المهملات-a001245,https://iraq-ninja-store.arabsad.com/products/سله-المهملات-a001245.html
12,أداة البديكير لإزالة الجلد القاسي و الميت,A.000174,أداة-البديكير-لإزالة-الجلد-القاسي-و-الميت-a000174,https://iraq-ninja-store.arabsad.com/products/أداة-البديكير-لإزالة-الجلد-القاسي-و-الميت-a000174.html
13,ثلاثة أضواء ليد مع ريموت كنترول,A.000271,ثلاثة-أضواء-ليد-مع-ريموت-كنترول-a000271,https://iraq-ninja-store.arabsad.com/products/ثلاثة-أضواء-ليد-مع-ريموت-كنترول-a000271.html
14,مكبرة الشاشة الذكية,A.000860,مكبرة-الشاشة-الذكية-a000860,https://iraq-ninja-store.arabsad.com/products/مكبرة-الشاشة-الذكية-a000860.html
15,الجهاز الذهبي لإزالة شعر الجسم,A.000355,الجهاز-الذهبي-لإزالة-شعر-الجسم-a000355,https://iraq-ninja-store.arabsad.com/products/الجهاز-الذهبي-لإزالة-شعر-الجسم-a000355.html
16,قفازات سيليكون متعددة الوظائف,A.001036,قفازات-سيليكون-متعددة-الوظائف-a001036,https://iraq-ninja-store.arabsad.com/products/قفازات-سيليكون-متعددة-الوظائف-a001036.html
17,مقشر الوجه المضيء,A.001776,مقشر-الوجه-المضيء-a001776,https://iraq-ninja-store.arabsad.com/products/مقشر-الوجه-المضيء-a001776.html
18,فرشاة أطباق لتوزيع الصابون,A.001475,فرشاة-أطباق-لتوزيع-الصابون-a001475,https://iraq-ninja-store.arabsad.com/products/فرشاة-أطباق-لتوزيع-الصابون-a001475.html
19,جهاز تنظيف شمع الاذن,A.001100,جهاز-تنظيف-شمع-الاذن-a001100,https://iraq-ninja-store.arabsad.com/products/جهاز-تنظيف-شمع-الاذن-a001100.html
20,رول ازالة الوبر من الملابس او المفروشات,A.000773,رول-ازالة-الوبر-من-الملابس-او-المفروشات-a000773,https://iraq-ninja-store.arabsad.com/products/رول-ازالة-الوبر-من-الملابس-او-المفروشات-a000773.html
21,مشد دبل فيس الرياضي,A.001300,مشد-دبل-فيس-الرياضي-a001300,https://iraq-ninja-store.arabsad.com/products/مشد-دبل-فيس-الرياضي-a001300.html
22,مشد  سويت شيبر لتنحيف البطن,A.000973,مشد-سويت-شيبر-لتنحيف-البطن-a000973,https://iraq-ninja-store.arabsad.com/products/مشد-سويت-شيبر-لتنحيف-البطن-a000973.html
23,حزام داعم الظهر قابل للتعديل,A.001180,حزام-داعم-الظهر-قابل-للتعديل-a001180,https://iraq-ninja-store.arabsad.com/products/حزام-داعم-الظهر-قابل-للتعديل-a001180.html
24,المثبت الليلي لتورم القدمين من بروفوت,A.000946,المثبت-الليلي-لتورم-القدمين-من-بروفوت-a000946,https://iraq-ninja-store.arabsad.com/products/المثبت-الليلي-لتورم-القدمين-من-بروفوت-a000946.html
25,باب الاستشعار التلقائي,A.001248,باب-الاستشعار-التلقائي-a001248,https://iraq-ninja-store.arabsad.com/products/باب-الاستشعار-التلقائي-a001248.html
26,قاتل البعوض عن طريق الشفط الضوئي,A.000958,قاتل-البعوض-عن-طريق-الشفط-الضوئي-a000958,https://iraq-ninja-store.arabsad.com/products/قاتل-البعوض-عن-طريق-الشفط-الضوئي-a000958.html
27,عصا النينجا السحرية,A.004203,عصا-النينجا-السحرية-a004203,https://iraq-ninja-store.arabsad.com/products/عصا-النينجا-السحرية-a004203.html
28,اداة غلق الاكياس البلاستيكية,A.001184,اداة-غلق-الاكياس-البلاستيكية-a001184,https://iraq-ninja-store.arabsad.com/products/اداة-غلق-الاكياس-البلاستيكية-a001184.html
29,ممسحة لاسلكية إلكترونية,A.001325,ممسحة-لاسلكية-إلكترونية-a001325,https://iraq-ninja-store.arabsad.com/products/ممسحة-لاسلكية-إلكترونية-a001325.html
30,نافخ الهواء المحمول,A.000466,نافخ-الهواء-المحمول-a000466,https://iraq-ninja-store.arabsad.com/products/نافخ-الهواء-المحمول-a000466.html
31,أداة تنظيف وترتيب الحواجب المميزة والسهلة الاستعمال,A.000969,أداة-تنظيف-وترتيب-الحواجب-المميزة-والسهلة-الاستعمال-a000969,https://iraq-ninja-store.arabsad.com/products/أداة-تنظيف-وترتيب-الحواجب-المميزة-والسهلة-الاستعمال-a000969.html
32,حامل مكنسة وممسحة مثبت على الحائط,A.001783,حامل-مكنسة-وممسحة-مثبت-على-الحائط-a001783,https://iraq-ninja-store.arabsad.com/products/حامل-مكنسة-وممسحة-مثبت-على-الحائط-a001783.html
33,مظلة واقية من الشمس للزجاج الأمامي للسيارة,A.001785,مظلة-واقية-من-الشمس-للزجاج-الأمامي-للسيارة-a001785,https://iraq-ninja-store.arabsad.com/products/مظلة-واقية-من-الشمس-للزجاج-الأمامي-للسيارة-a001785.html
34,مجموعة البلوتوث,A.001773,مجموعة-البلوتوث-a001773,https://iraq-ninja-store.arabsad.com/products/مجموعة-البلوتوث-a001773.html
35,مفتاح البراغي متعدد الاستعمالات,A.000265,مفتاح-البراغي-متعدد-الاستعمالات-a000265,https://iraq-ninja-store.arabsad.com/products/مفتاح-البراغي-متعدد-الاستعمالات-a000265.html
36,قطاعة متعددة الوظائف,A.001147,قطاعة-متعددة-الوظائف-a001147,https://iraq-ninja-store.arabsad.com/products/قطاعة-متعددة-الوظائف-a001147.html
37,حذاء بشعيرات لتنظيف وفرك القدمين,A.000392,حذاء-بشعيرات-لتنظيف-وفرك-القدمين-a000392,https://iraq-ninja-store.arabsad.com/products/حذاء-بشعيرات-لتنظيف-وفرك-القدمين-a000392.html
38,جهاز ازالة الشعر بالليزر,A.000286,جهاز-ازالة-الشعر-بالليزر-a000286,https://iraq-ninja-store.arabsad.com/products/جهاز-ازالة-الشعر-بالليزر-a000286.html
39,مجففة الملابس العجبية,A.000416,مجففة-الملابس-العجبية-a000416,https://iraq-ninja-store.arabsad.com/products/مجففة-الملابس-العجبية-a000416.html
40,وسادة تدليك الرقبة للسفر,A.001410,وسادة-تدليك-الرقبة-للسفر-a001410,https://iraq-ninja-store.arabsad.com/products/وسادة-تدليك-الرقبة-للسفر-a001410.html
41,حامل الهاتف المحمول الذكي مع خاصية الشحن اللاسلكي,A.000859,حامل-الهاتف-المحمول-الذكي-مع-خاصية-الشحن-اللاسلكي-a000859,https://iraq-ninja-store.arabsad.com/products/حامل-الهاتف-المحمول-الذكي-مع-خاصية-الشحن-اللاسلكي-a000859.html
42,ميزان حرارة رقمي بالأشعة تحت الحمراء,A.001072,ميزان-حرارة-رقمي-بالأشعة-تحت-الحمراء-a001072,https://iraq-ninja-store.arabsad.com/products/ميزان-حرارة-رقمي-بالأشعة-تحت-الحمراء-a001072.html
43,ماكنة قتل البعوض الكهربائية,A.001388,ماكنة-قتل-البعوض-الكهربائية-a001388,https://iraq-ninja-store.arabsad.com/products/ماكنة-قتل-البعوض-الكهربائية-a001388.html
44,نظارات طبية لتصحيح النظر قابلة للتعديل,A.000402,نظارات-طبية-لتصحيح-النظر-قابلة-للتعديل-a000402,https://iraq-ninja-store.arabsad.com/products/نظارات-طبية-لتصحيح-النظر-قابلة-للتعديل-a000402.html
45,بلوز نسائية لشد الجسم,A.000543,بلوز-نسائية-لشد-الجسم-a000543,https://iraq-ninja-store.arabsad.com/products/بلوز-نسائية-لشد-الجسم-a000543.html
46,تلسكوب التصوير الاحترافي للهواتف النقالة مع قاعدة,A.001250,تلسكوب-التصوير-الاحترافي-للهواتف-النقالة-مع-قاعدة-a001250,https://iraq-ninja-store.arabsad.com/products/تلسكوب-التصوير-الاحترافي-للهواتف-النقالة-مع-قاعدة-a001250.html
47,ممسحة المايكروفايبرمع أداة التنظيف الذاتي,A.001099,ممسحة-المايكروفايبرمع-أداة-التنظيف-الذاتي-a001099,https://iraq-ninja-store.arabsad.com/products/ممسحة-المايكروفايبرمع-أداة-التنظيف-الذاتي-a001099.html
48,كاميرا بوريسكوب للهاتف 3 م,A.001775,كاميرا-بوريسكوب-للهاتف-3-م-a001775,https://iraq-ninja-store.arabsad.com/products/كاميرا-بوريسكوب-للهاتف-3-م-a001775.html
49,"مشد ""مس بيلت"" لنحت الجسم",A.000528,مشد-مس-بيلت-لنحت-الجسم-a000528,https://iraq-ninja-store.arabsad.com/products/مشد-مس-بيلت-لنحت-الجسم-a000528.html
50,فرشاة لونا فوريو لتنظيف الوجه,A.000972,فرشاة-لونا-فوريو-لتنظيف-الوجه-a000972,https://iraq-ninja-store.arabsad.com/products/فرشاة-لونا-فوريو-لتنظيف-الوجه-a000972.html
51,مشد ون شيبر للكرش واخفاء البطن,A.000526,مشد-ون-شيبر-للكرش-واخفاء-البطن-a000526,https://iraq-ninja-store.arabsad.com/products/مشد-ون-شيبر-للكرش-واخفاء-البطن-a000526.html
52,شماعات ملابس 6 في 1 متعددة الوظائف,A.001651,شماعات-ملابس-6-في-1-متعددة-الوظائف-a001651,https://iraq-ninja-store.arabsad.com/products/شماعات-ملابس-6-في-1-متعددة-الوظائف-a001651.html
53,حزام سليم فيت لنحت الخصر,A.000519,حزام-سليم-فيت-لنحت-الخصر-a000519,https://iraq-ninja-store.arabsad.com/products/حزام-سليم-فيت-لنحت-الخصر-a000519.html
54,سوار طارد البعوض بالموجات فوق الصوتية,A.001772,سوار-طارد-البعوض-بالموجات-فوق-الصوتية-a001772,https://iraq-ninja-store.arabsad.com/products/سوار-طارد-البعوض-بالموجات-فوق-الصوتية-a001772.html
55,مضخة هواء كهربائية محمولة,A.001752,مضخة-هواء-كهربائية-محمولة-a001752,https://iraq-ninja-store.arabsad.com/products/مضخة-هواء-كهربائية-محمولة-a001752.html
56,مشد الركبة الرياضي الطبي,A.000887,مشد-الركبة-الرياضي-الطبي-a000887,https://iraq-ninja-store.arabsad.com/products/مشد-الركبة-الرياضي-الطبي-a000887.html
57,جهاز تكبير ونفخ الشفايف,A.001104,جهاز-تكبير-ونفخ-الشفايف-a001104,https://iraq-ninja-store.arabsad.com/products/جهاز-تكبير-ونفخ-الشفايف-a001104.html
58,ميزان الحرارة الذكي,A.001771,ميزان-الحرارة-الذكي-a001771,https://iraq-ninja-store.arabsad.com/products/ميزان-الحرارة-الذكي-a001771.html
59,آلة حف القدمين,A.000172,آلة-حف-القدمين-a000172,https://iraq-ninja-store.arabsad.com/products/آلة-حف-القدمين-a000172.html
60,مكبر شاشة الهاتف الذكي,A.001768,مكبر-شاشة-الهاتف-الذكي-a001768,https://iraq-ninja-store.arabsad.com/products/مكبر-شاشة-الهاتف-الذكي-a001768.html
61,كرسي الاطفال 2 في 1,A.001770,كرسي-الاطفال-2-في-1-a001770,https://iraq-ninja-store.arabsad.com/products/كرسي-الاطفال-2-في-1-a001770.html
62,قطاعة متعددة الوظائف,A.001654,قطاعة-متعددة-الوظائف-a001654,https://iraq-ninja-store.arabsad.com/products/قطاعة-متعددة-الوظائف-a001654.html
63,مشد الأكتاف و الظهر الطبي,A.000524,مشد-الأكتاف-و-الظهر-الطبي-a000524,https://iraq-ninja-store.arabsad.com/products/مشد-الأكتاف-و-الظهر-الطبي-a000524.html
64,منظمة الملابس,A.001784,منظمة-الملابس-a001784,https://iraq-ninja-store.arabsad.com/products/منظمة-الملابس-a001784.html
65,موزع معجون أسنان بلاستيكي مع 4 اكواب,A.001588,موزع-معجون-أسنان-بلاستيكي-مع-4-اكواب-a001588,https://iraq-ninja-store.arabsad.com/products/موزع-معجون-أسنان-بلاستيكي-مع-4-اكواب-a001588.html
66,مرش ماء الكتروني لغسيل السيارة,A.000384,مرش-ماء-الكتروني-لغسيل-السيارة-a000384,https://iraq-ninja-store.arabsad.com/products/مرش-ماء-الكتروني-لغسيل-السيارة-a000384.html
67,طاولة بلاستيكية قابلة للتعديل,A.001418,طاولة-بلاستيكية-قابلة-للتعديل-a001418,https://iraq-ninja-store.arabsad.com/products/طاولة-بلاستيكية-قابلة-للتعديل-a001418.html
68,بطاريات قابلة لاعادة الشحن,A.001762,بطاريات-قابلة-لاعادة-الشحن-a001762,https://iraq-ninja-store.arabsad.com/products/بطاريات-قابلة-لاعادة-الشحن-a001762.html
69,خزانة لترتيب وحفظ الأحذية مع غطاء,A.000278,خزانة-لترتيب-وحفظ-الأحذية-مع-غطاء-a000278,https://iraq-ninja-store.arabsad.com/products/خزانة-لترتيب-وحفظ-الأحذية-مع-غطاء-a000278.html
70,بطاريات قابلة لاعادة الشحن,A.001763,بطاريات-قابلة-لاعادة-الشحن-a001763,https://iraq-ninja-store.arabsad.com/products/بطاريات-قابلة-لاعادة-الشحن-a001763.html
71,مشد التنحيف وشد الجسم زج زاج,A.000504,مشد-التنحيف-وشد-الجسم-زج-زاج-a000504,https://iraq-ninja-store.arabsad.com/products/مشد-التنحيف-وشد-الجسم-زج-زاج-a000504.html
72,حقيبة الكمبيوتر المحمول,A.001778,حقيبة-الكمبيوتر-المحمول-a001778,https://iraq-ninja-store.arabsad.com/products/حقيبة-الكمبيوتر-المحمول-a001778.html
73,موزع مياه اوتوماتيكي‎,A.000155,موزع-مياه-اوتوماتيكي-a000155,https://iraq-ninja-store.arabsad.com/products/موزع-مياه-اوتوماتيكي-a000155.html
74,ماكينة إزالة الوشم والشامات بالليزر,A.001767,ماكينة-إزالة-الوشم-والشامات-بالليزر-a001767,https://iraq-ninja-store.arabsad.com/products/ماكينة-إزالة-الوشم-والشامات-بالليزر-a001767.html
75,رذاذ ملئ التشققات الاسود,A.004296,رذاذ-ملئ-التشققات-الاسود-a004296,https://iraq-ninja-store.arabsad.com/products/رذاذ-ملئ-التشققات-الاسود-a004296.html
76,شامبو صبغ الشعر,A.002136,شامبو-صبغ-الشعر-a002136,https://iraq-ninja-store.arabsad.com/products/شامبو-صبغ-الشعر-a002136.html
77,دعاسة الباب السحرية,A.001004,دعاسة-الباب-السحرية-a001004,https://iraq-ninja-store.arabsad.com/products/دعاسة-الباب-السحرية-a001004.html
78,دش التورملين لتنقية المياه,A.000224,دش-التورملين-لتنقية-المياه-a000224,https://iraq-ninja-store.arabsad.com/products/دش-التورملين-لتنقية-المياه-a000224.html
79,الممسحة اليدوية,A.001246,الممسحة-اليدوية-a001246,https://iraq-ninja-store.arabsad.com/products/الممسحة-اليدوية-a001246.html
80,داعم الظهر السحري,A.001316,داعم-الظهر-السحري-a001316,https://iraq-ninja-store.arabsad.com/products/داعم-الظهر-السحري-a001316.html
81,نعل داخلي سيليكوني طبي لزيادة الطول,A.000233,نعل-داخلي-سيليكوني-طبي-لزيادة-الطول-a000233,https://iraq-ninja-store.arabsad.com/products/نعل-داخلي-سيليكوني-طبي-لزيادة-الطول-a000233.html
82,وايت لايت جهاز تبييض الاسنان بالليزر,A.000010,وايت-لايت-جهاز-تبييض-الاسنان-بالليزر-a000010,https://iraq-ninja-store.arabsad.com/products/وايت-لايت-جهاز-تبييض-الاسنان-بالليزر-a000010.html
83,المشد الرجالي لإظهار العضلات,A.000520,المشد-الرجالي-لإظهار-العضلات-a000520,https://iraq-ninja-store.arabsad.com/products/المشد-الرجالي-لإظهار-العضلات-a000520.html
84,خلاط عصير محمول يعمل على بطارية قابلة للشحن,A.000154,خلاط-عصير-محمول-يعمل-على-بطارية-قابلة-للشحن-a000154,https://iraq-ninja-store.arabsad.com/products/خلاط-عصير-محمول-يعمل-على-بطارية-قابلة-للشحن-a000154.html
85,مصباح يدوي محمول قابل لإعادة الشحن,A.003611,مصباح-يدوي-محمول-قابل-لإعادة-الشحن-a003611,https://iraq-ninja-store.arabsad.com/products/مصباح-يدوي-محمول-قابل-لإعادة-الشحن-a003611.html
86,أوعية سيليكون لطهي البيض,A.000711,أوعية-سيليكون-لطهي-البيض-a000711,https://iraq-ninja-store.arabsad.com/products/أوعية-سيليكون-لطهي-البيض-a000711.html
87,مشد الظهر الذكي,A.001065,مشد-الظهر-الذكي-a001065,https://iraq-ninja-store.arabsad.com/products/مشد-الظهر-الذكي-a001065.html
88,معجون تنظيف الفرن والاواني,A.001730,معجون-تنظيف-الفرن-والاواني-a001730,https://iraq-ninja-store.arabsad.com/products/معجون-تنظيف-الفرن-والاواني-a001730.html
89,معجون اسنان للمدخنين من ديزار 100 جم,A.003700,معجون-اسنان-للمدخنين-من-ديزار-100-جم-a003700,https://iraq-ninja-store.arabsad.com/products/معجون-اسنان-للمدخنين-من-ديزار-100-جم-a003700.html
90,جهاز انزو لتصفيف الشعر واللحية,A.004258,جهاز-انزو-لتصفيف-الشعر-واللحية-a004258,https://iraq-ninja-store.arabsad.com/products/جهاز-انزو-لتصفيف-الشعر-واللحية-a004258.html
91,جهاز اضواء للسيارة,A.001467,جهاز-اضواء-للسيارة-a001467,https://iraq-ninja-store.arabsad.com/products/جهاز-اضواء-للسيارة-a001467.html
92,جهاز تشويش إشارة لاسلكي للسيارة,A.004805,جهاز-تشويش-إشارة-لاسلكي-للسيارة-a004805,https://iraq-ninja-store.arabsad.com/products/جهاز-تشويش-إشارة-لاسلكي-للسيارة-a004805.html
93,طاحونة القهوة الكهربائية,A.001449,طاحونة-القهوة-الكهربائية-a001449,https://iraq-ninja-store.arabsad.com/products/طاحونة-القهوة-الكهربائية-a001449.html
94,خلاط عصير محمول يعمل على بطارية قابلة للشحن,A.000919,خلاط-عصير-محمول-يعمل-على-بطارية-قابلة-للشحن-a000919,https://iraq-ninja-store.arabsad.com/products/خلاط-عصير-محمول-يعمل-على-بطارية-قابلة-للشحن-a000919.html
95,جهاز لشفط و إزالة الرؤوس السوداء,A.000159,جهاز-لشفط-و-إزالة-الرؤوس-السوداء-a000159,https://iraq-ninja-store.arabsad.com/products/جهاز-لشفط-و-إزالة-الرؤوس-السوداء-a000159.html
96,أداة ميكرو تاتش سولو لإزالة كامل شعر الجسم A.,A.000996,أداة-ميكرو-تاتش-سولو-لإزالة-كامل-شعر-الجسم-a-a000996,https://iraq-ninja-store.arabsad.com/products/أداة-ميكرو-تاتش-سولو-لإزالة-كامل-شعر-الجسم-a-a000996.html
97,حلقة هولا هوب لتنحيف الخصر,A.001121,حلقة-هولا-هوب-لتنحيف-الخصر-a001121,https://iraq-ninja-store.arabsad.com/products/حلقة-هولا-هوب-لتنحيف-الخصر-a001121.html
98,خلاط زجاجة محمول,A.003035,خلاط-زجاجة-محمول-a003035,https://iraq-ninja-store.arabsad.com/products/خلاط-زجاجة-محمول-a003035.html
99,موقد غاز صغير محمول للتخييم,A.003285,موقد-غاز-صغير-محمول-للتخييم-a003285,https://iraq-ninja-store.arabsad.com/products/موقد-غاز-صغير-محمول-للتخييم-a003285.html
100,جهاز تبييض الاسنان اللوما سمايل,A.000264,جهاز-تبييض-الاسنان-اللوما-سمايل-a000264,https://iraq-ninja-store.arabsad.com/products/جهاز-تبييض-الاسنان-اللوما-سمايل-a000264.html
101,غلاف سيليكون لتصريف الارضيات,A.005255,غلاف-سيليكون-لتصريف-الارضيات-a005255,https://iraq-ninja-store.arabsad.com/products/غلاف-سيليكون-لتصريف-الارضيات-a005255.html
102,كرة الغسيل بالحبيبات المنظفة و المعقمة للملابس,A.000419,كرة-الغسيل-بالحبيبات-المنظفة-و-المعقمة-للملابس-a000419,https://iraq-ninja-store.arabsad.com/products/كرة-الغسيل-بالحبيبات-المنظفة-و-المعقمة-للملابس-a000419.html
103,"مرش مياه ""ايزي جت""",A.000368,مرش-مياه-ايزي-جت-a000368,https://iraq-ninja-store.arabsad.com/products/مرش-مياه-ايزي-جت-a000368.html
104,عصارة الفواكة اليدوية,A.001207,عصارة-الفواكة-اليدوية-a001207,https://iraq-ninja-store.arabsad.com/products/عصارة-الفواكة-اليدوية-a001207.html
105,مجموعة أداة نقل و ترتيب الأثاث ( خمس قطع ),A.000390,مجموعة-أداة-نقل-و-ترتيب-الأثاث-خمس-قطع-a000390,https://iraq-ninja-store.arabsad.com/products/مجموعة-أداة-نقل-و-ترتيب-الأثاث-خمس-قطع-a000390.html
106,سجادة امتصاص الماء,A.001088,سجادة-امتصاص-الماء-a001088,https://iraq-ninja-store.arabsad.com/products/سجادة-امتصاص-الماء-a001088.html
107,زيت مغذي للاظافر,A.005323,زيت-مغذي-للاظافر-a005323,https://iraq-ninja-store.arabsad.com/products/زيت-مغذي-للاظافر-a005323.html
108,مروحة عنق صغيرة يو اس بي بدون شفرات,A.003216,مروحة-عنق-صغيرة-يو-اس-بي-بدون-شفرات-a003216,https://iraq-ninja-store.arabsad.com/products/مروحة-عنق-صغيرة-يو-اس-بي-بدون-شفرات-a003216.html
109,معطرة سيارة تعمل بالطاقة الشمسية,A.002165,معطرة-سيارة-تعمل-بالطاقة-الشمسية-a002165,https://iraq-ninja-store.arabsad.com/products/معطرة-سيارة-تعمل-بالطاقة-الشمسية-a002165.html
110,مصباح كريستال روز,A.002263,مصباح-كريستال-روز-a002263,https://iraq-ninja-store.arabsad.com/products/مصباح-كريستال-روز-a002263.html
111,ستارة مخرمة بتصميم مغناطيسي لصد البعوض,A.000257,ستارة-مخرمة-بتصميم-مغناطيسي-لصد-البعوض-a000257,https://iraq-ninja-store.arabsad.com/products/ستارة-مخرمة-بتصميم-مغناطيسي-لصد-البعوض-a000257.html
112,قلم تبييض الأسنان الفوري,G.000584,قلم-تبييض-الأسنان-الفوري-g000584,https://iraq-ninja-store.arabsad.com/products/قلم-تبييض-الأسنان-الفوري-g000584.html
113,الفرشاة الحرارية,A.000362,الفرشاة-الحرارية-a000362,https://iraq-ninja-store.arabsad.com/products/الفرشاة-الحرارية-a000362.html
114,رول طلاء الجدران بعلبة طلاء داخلية,A.000179,رول-طلاء-الجدران-بعلبة-طلاء-داخلية-a000179,https://iraq-ninja-store.arabsad.com/products/رول-طلاء-الجدران-بعلبة-طلاء-داخلية-a000179.html
115,صابونة معالجة الشيب,A.003130,صابونة-معالجة-الشيب-a003130,https://iraq-ninja-store.arabsad.com/products/صابونة-معالجة-الشيب-a003130.html
116,صابونة صبغ الشعر لاخفاء الشيب,A.004787,صابونة-صبغ-الشعر-لاخفاء-الشيب-a004787,https://iraq-ninja-store.arabsad.com/products/صابونة-صبغ-الشعر-لاخفاء-الشيب-a004787.html
117,زيت عطري لنمو اللحية وإصلاحه وتنشيطه,A.002347,زيت-عطري-لنمو-اللحية-وإصلاحه-وتنشيطه-a002347,https://iraq-ninja-store.arabsad.com/products/زيت-عطري-لنمو-اللحية-وإصلاحه-وتنشيطه-a002347.html
118,وسادة لتخفيف الضغط والتوتر,A.001009,وسادة-لتخفيف-الضغط-والتوتر-a001009,https://iraq-ninja-store.arabsad.com/products/وسادة-لتخفيف-الضغط-والتوتر-a001009.html
119,ضوء تحذير الطوارئ مثلث,A.001235,ضوء-تحذير-الطوارئ-مثلث-a001235,https://iraq-ninja-store.arabsad.com/products/ضوء-تحذير-الطوارئ-مثلث-a001235.html
120,أداة التقاط الفاكهة التلسكوبية,A.001731,أداة-التقاط-الفاكهة-التلسكوبية-a001731,https://iraq-ninja-store.arabsad.com/products/أداة-التقاط-الفاكهة-التلسكوبية-a001731.html
121,مقص لتطعيم وتقليم الأشجار,A.001165,مقص-لتطعيم-وتقليم-الأشجار-a001165,https://iraq-ninja-store.arabsad.com/products/مقص-لتطعيم-وتقليم-الأشجار-a001165.html
122,مصباح ليد ستار ماستر بالنجوم,A.001081,مصباح-ليد-ستار-ماستر-بالنجوم-a001081,https://iraq-ninja-store.arabsad.com/products/مصباح-ليد-ستار-ماستر-بالنجوم-a001081.html
123,زيت إكليل الجبل العطري,A.003792,زيت-إكليل-الجبل-العطري-a003792,https://iraq-ninja-store.arabsad.com/products/زيت-إكليل-الجبل-العطري-a003792.html
124,سيروم ايفنتالين لتفتيح البشرة,A.005257,سيروم-ايفنتالين-لتفتيح-البشرة-a005257,https://iraq-ninja-store.arabsad.com/products/سيروم-ايفنتالين-لتفتيح-البشرة-a005257.html
125,ماكينة حلاقة كهربائية صغيرة للرجال,A.003366,ماكينة-حلاقة-كهربائية-صغيرة-للرجال-a003366,https://iraq-ninja-store.arabsad.com/products/ماكينة-حلاقة-كهربائية-صغيرة-للرجال-a003366.html
126,أحزمة شد الوجه مع مشابك,A.004854,أحزمة-شد-الوجه-مع-مشابك-a004854,https://iraq-ninja-store.arabsad.com/products/أحزمة-شد-الوجه-مع-مشابك-a004854.html
127,كرسي محمول قابل للطي,A.001230,كرسي-محمول-قابل-للطي-a001230,https://iraq-ninja-store.arabsad.com/products/كرسي-محمول-قابل-للطي-a001230.html
128,تونر سادور بخلاصة فيتامين سي,A.005334,تونر-سادور-بخلاصة-فيتامين-سي-a005334,https://iraq-ninja-store.arabsad.com/products/تونر-سادور-بخلاصة-فيتامين-سي-a005334.html
129,حفافة القدم الكهربائية لإزالة الجلد الميت,A.000070,حفافة-القدم-الكهربائية-لإزالة-الجلد-الميت-a000070,https://iraq-ninja-store.arabsad.com/products/حفافة-القدم-الكهربائية-لإزالة-الجلد-الميت-a000070.html
130,جهاز سونيك لتنظيف وتبييض الأسنان المنزلي,A.000545,جهاز-سونيك-لتنظيف-وتبييض-الأسنان-المنزلي-a000545,https://iraq-ninja-store.arabsad.com/products/جهاز-سونيك-لتنظيف-وتبييض-الأسنان-المنزلي-a000545.html
131,جهاز تقطيع بطاطس,A.001719,جهاز-تقطيع-بطاطس-a001719,https://iraq-ninja-store.arabsad.com/products/جهاز-تقطيع-بطاطس-a001719.html
132,فلتر  لتنقية المياه,A.002373,فلتر-لتنقية-المياه-a002373,https://iraq-ninja-store.arabsad.com/products/فلتر-لتنقية-المياه-a002373.html
133,شامبو الشعر ضد الشيب الطبيعي,A.002079,شامبو-الشعر-ضد-الشيب-الطبيعي-a002079,https://iraq-ninja-store.arabsad.com/products/شامبو-الشعر-ضد-الشيب-الطبيعي-a002079.html
134,لعبة الكرة الطائرة فلاي نوفا برو,A.002175,لعبة-الكرة-الطائرة-فلاي-نوفا-برو-a002175,https://iraq-ninja-store.arabsad.com/products/لعبة-الكرة-الطائرة-فلاي-نوفا-برو-a002175.html
135,العكازة السحرية الجديدة,A.000260,العكازة-السحرية-الجديدة-a000260,https://iraq-ninja-store.arabsad.com/products/العكازة-السحرية-الجديدة-a000260.html
136,بخاخ محفز نسائي,A.005259,بخاخ-محفز-نسائي-a005259,https://iraq-ninja-store.arabsad.com/products/بخاخ-محفز-نسائي-a005259.html
137,سكراب الجسم بالخوخ,A.004465,سكراب-الجسم-بالخوخ-a004465,https://iraq-ninja-store.arabsad.com/products/سكراب-الجسم-بالخوخ-a004465.html
138,مدينالي رذاذ الفطريات,A.003468,مدينالي-رذاذ-الفطريات-a003468,https://iraq-ninja-store.arabsad.com/products/مدينالي-رذاذ-الفطريات-a003468.html
139,غسول ديكسي لعلاج الشعر,A.004670,غسول-ديكسي-لعلاج-الشعر-a004670,https://iraq-ninja-store.arabsad.com/products/غسول-ديكسي-لعلاج-الشعر-a004670.html
140,حزام شد البطن,A.001812,حزام-شد-البطن-a001812,https://iraq-ninja-store.arabsad.com/products/حزام-شد-البطن-a001812.html
141,قطرات إزالة رائحة الفم الكريهة بالنعناع,A.004827,قطرات-إزالة-رائحة-الفم-الكريهة-بالنعناع-a004827,https://iraq-ninja-store.arabsad.com/products/قطرات-إزالة-رائحة-الفم-الكريهة-بالنعناع-a004827.html
142,ساعة  الذكية,A.000989,ساعة-الذكية-a000989,https://iraq-ninja-store.arabsad.com/products/ساعة-الذكية-a000989.html
143,ضوء ليد خارجي,A.000181,ضوء-ليد-خارجي-a000181,https://iraq-ninja-store.arabsad.com/products/ضوء-ليد-خارجي-a000181.html
144,مشغل موسيقى صغير الحجم بخاصية البلوتوث,A.000220,مشغل-موسيقى-صغير-الحجم-بخاصية-البلوتوث-a000220,https://iraq-ninja-store.arabsad.com/products/مشغل-موسيقى-صغير-الحجم-بخاصية-البلوتوث-a000220.html
145,موس تبييض الأسنان الفوري,A.003821,موس-تبييض-الأسنان-الفوري-a003821,https://iraq-ninja-store.arabsad.com/products/موس-تبييض-الأسنان-الفوري-a003821.html
146,كريم تمليس الشعر بالكيراتين من إيلوه,A.003830,كريم-تمليس-الشعر-بالكيراتين-من-إيلوه-a003830,https://iraq-ninja-store.arabsad.com/products/كريم-تمليس-الشعر-بالكيراتين-من-إيلوه-a003830.html
147,شورت حراري رجالي للتنحيف,A.000530,شورت-حراري-رجالي-للتنحيف-a000530,https://iraq-ninja-store.arabsad.com/products/شورت-حراري-رجالي-للتنحيف-a000530.html
148,حزام نحت البطن و الخصر من سويت لارج,A.000516,حزام-نحت-البطن-و-الخصر-من-سويت-لارج-a000516,https://iraq-ninja-store.arabsad.com/products/حزام-نحت-البطن-و-الخصر-من-سويت-لارج-a000516.html
149,آلة الخياطة الذكية,A.000150,آلة-الخياطة-الذكية-a000150,https://iraq-ninja-store.arabsad.com/products/آلة-الخياطة-الذكية-a000150.html
150,قطاعة الأسرة المستطيلة,A.000138,قطاعة-الأسرة-المستطيلة-a000138,https://iraq-ninja-store.arabsad.com/products/قطاعة-الأسرة-المستطيلة-a000138.html
151,جل تبييض الأسنان EELHOE,A.003176,جل-تبييض-الأسنان-eelhoe-a003176,https://iraq-ninja-store.arabsad.com/products/جل-تبييض-الأسنان-eelhoe-a003176.html
152,بخاخ مينوكسيديل لنمو الشعر,A.004572,بخاخ-مينوكسيديل-لنمو-الشعر-a004572,https://iraq-ninja-store.arabsad.com/products/بخاخ-مينوكسيديل-لنمو-الشعر-a004572.html
153,عصا التقاط قابلة للطي,A.001534,عصا-التقاط-قابلة-للطي-a001534,https://iraq-ninja-store.arabsad.com/products/عصا-التقاط-قابلة-للطي-a001534.html
154,كيس النوم وسادة للأطفال,A.002343,كيس-النوم-وسادة-للأطفال-a002343,https://iraq-ninja-store.arabsad.com/products/كيس-النوم-وسادة-للأطفال-a002343.html
155,المشد الدبل  فيس الحراري  لحرق الدهون,A.000532,المشد-الدبل-فيس-الحراري-لحرق-الدهون-a000532,https://iraq-ninja-store.arabsad.com/products/المشد-الدبل-فيس-الحراري-لحرق-الدهون-a000532.html
156,حزام القطعة الواحدة لتنحيف للبطن والافخاد,A.000967,حزام-القطعة-الواحدة-لتنحيف-للبطن-والافخاد-a000967,https://iraq-ninja-store.arabsad.com/products/حزام-القطعة-الواحدة-لتنحيف-للبطن-والافخاد-a000967.html
157,مصباح محمول عالي الطاقة مقاومة للماء,A.002156,مصباح-محمول-عالي-الطاقة-مقاومة-للماء-a002156,https://iraq-ninja-store.arabsad.com/products/مصباح-محمول-عالي-الطاقة-مقاومة-للماء-a002156.html
158,اعشاب اسرار الطبيعة لتخفيف الام المفاصل,A.004825,اعشاب-اسرار-الطبيعة-لتخفيف-الام-المفاصل-a004825,https://iraq-ninja-store.arabsad.com/products/اعشاب-اسرار-الطبيعة-لتخفيف-الام-المفاصل-a004825.html
159,كريم تعزيز البروستاتا الطبيعي,A.003756,كريم-تعزيز-البروستاتا-الطبيعي-a003756,https://iraq-ninja-store.arabsad.com/products/كريم-تعزيز-البروستاتا-الطبيعي-a003756.html
160,معطرة الجو على شكل لمبة,A.000433,معطرة-الجو-على-شكل-لمبة-a000433,https://iraq-ninja-store.arabsad.com/products/معطرة-الجو-على-شكل-لمبة-a000433.html
161,حامل المعجون وفراشي الأسنان,A.000038,حامل-المعجون-وفراشي-الأسنان-a000038,https://iraq-ninja-store.arabsad.com/products/حامل-المعجون-وفراشي-الأسنان-a000038.html
162,جهاز مساج الرقبة لإزالة اجهاد العضلات و التوتر,A.000906,جهاز-مساج-الرقبة-لإزالة-اجهاد-العضلات-و-التوتر-a000906,https://iraq-ninja-store.arabsad.com/products/جهاز-مساج-الرقبة-لإزالة-اجهاد-العضلات-و-التوتر-a000906.html
163,ميزان الوزن الذكي,A.001084,ميزان-الوزن-الذكي-a001084,https://iraq-ninja-store.arabsad.com/products/ميزان-الوزن-الذكي-a001084.html
164,مروحة تهوية تعمل بالطاقة الشمسية,A.001571,مروحة-تهوية-تعمل-بالطاقة-الشمسية-a001571,https://iraq-ninja-store.arabsad.com/products/مروحة-تهوية-تعمل-بالطاقة-الشمسية-a001571.html
165,طاولة رسم فنية بجهاز عرض ضوئي,A.001790,طاولة-رسم-فنية-بجهاز-عرض-ضوئي-a001790,https://iraq-ninja-store.arabsad.com/products/طاولة-رسم-فنية-بجهاز-عرض-ضوئي-a001790.html
166,معجون إصلاح المعادن,A.004799,معجون-إصلاح-المعادن-a004799,https://iraq-ninja-store.arabsad.com/products/معجون-إصلاح-المعادن-a004799.html
167,معجون أسنان بفحم الخيزران,A.004641,معجون-أسنان-بفحم-الخيزران-a004641,https://iraq-ninja-store.arabsad.com/products/معجون-أسنان-بفحم-الخيزران-a004641.html
168,قلم رسم فراغات اللحية,A.005350,قلم-رسم-فراغات-اللحية-a005350,https://iraq-ninja-store.arabsad.com/products/قلم-رسم-فراغات-اللحية-a005350.html
169,امبولات الحلزون لازالة التجاعيد,A.005359,امبولات-الحلزون-لازالة-التجاعيد-a005359,https://iraq-ninja-store.arabsad.com/products/امبولات-الحلزون-لازالة-التجاعيد-a005359.html
170,مقشر القدمين بفيتامين سي من راكو,A.005338,مقشر-القدمين-بفيتامين-سي-من-راكو-a005338,https://iraq-ninja-store.arabsad.com/products/مقشر-القدمين-بفيتامين-سي-من-راكو-a005338.html
171,رذاذ  عشبي الصحي للبواسير,A.003591,رذاذ-عشبي-الصحي-للبواسير-a003591,https://iraq-ninja-store.arabsad.com/products/رذاذ-عشبي-الصحي-للبواسير-a003591.html
172,مشد البطن الحراري مقاس واحد,A.000182,مشد-البطن-الحراري-مقاس-واحد-a000182,https://iraq-ninja-store.arabsad.com/products/مشد-البطن-الحراري-مقاس-واحد-a000182.html
173,جهاز البديكير الكهربائي برأسين للتقشير,A.000313,جهاز-البديكير-الكهربائي-برأسين-للتقشير-a000313,https://iraq-ninja-store.arabsad.com/products/جهاز-البديكير-الكهربائي-برأسين-للتقشير-a000313.html
174,معجون تبيض الأسنان. V34,A.003662,معجون-تبيض-الأسنان-v34-a003662,https://iraq-ninja-store.arabsad.com/products/معجون-تبيض-الأسنان-v34-a003662.html
175,قلم تنظيف الأذن برأس مرن,A.000092,قلم-تنظيف-الأذن-برأس-مرن-a000092,https://iraq-ninja-store.arabsad.com/products/قلم-تنظيف-الأذن-برأس-مرن-a000092.html
176,وسادة الظهر ومحاذاة العمود الفقري والحمل,A.001239,وسادة-الظهر-ومحاذاة-العمود-الفقري-والحمل-a001239,https://iraq-ninja-store.arabsad.com/products/وسادة-الظهر-ومحاذاة-العمود-الفقري-والحمل-a001239.html
177,فرشاة أسنان كهربائية للأطفال,A.002120,فرشاة-أسنان-كهربائية-للأطفال-a002120,https://iraq-ninja-store.arabsad.com/products/فرشاة-أسنان-كهربائية-للأطفال-a002120.html
178,كرسي الاطفال القابل للنفخ,A.001484,كرسي-الاطفال-القابل-للنفخ-a001484,https://iraq-ninja-store.arabsad.com/products/كرسي-الاطفال-القابل-للنفخ-a001484.html
179,بودرة الحواجب من ايبسندس,A.003770,بودرة-الحواجب-من-ايبسندس-a003770,https://iraq-ninja-store.arabsad.com/products/بودرة-الحواجب-من-ايبسندس-a003770.html
180,E زيت الشعر الأفغاني مع فيتامين,A.003165,e-زيت-الشعر-الأفغاني-مع-فيتامين-a003165,https://iraq-ninja-store.arabsad.com/products/e-زيت-الشعر-الأفغاني-مع-فيتامين-a003165.html
181,كرة قدم آمنة للعب داخل المنزل,A.000306,كرة-قدم-آمنة-للعب-داخل-المنزل-a000306,https://iraq-ninja-store.arabsad.com/products/كرة-قدم-آمنة-للعب-داخل-المنزل-a000306.html
182,قطاعة الخضار اليدوية,A.001436,قطاعة-الخضار-اليدوية-a001436,https://iraq-ninja-store.arabsad.com/products/قطاعة-الخضار-اليدوية-a001436.html
183,مشد الظهر المغناطيسي,A.000533,مشد-الظهر-المغناطيسي-a000533,https://iraq-ninja-store.arabsad.com/products/مشد-الظهر-المغناطيسي-a000533.html
184,جهاز دينتل المنزلي لتبييض الاسنان في 20 دقيقة,A.000481,جهاز-دينتل-المنزلي-لتبييض-الاسنان-في-20-دقيقة-a000481,https://iraq-ninja-store.arabsad.com/products/جهاز-دينتل-المنزلي-لتبييض-الاسنان-في-20-دقيقة-a000481.html
185,حزام لدعم وتقويم الظهر,A.000544,حزام-لدعم-وتقويم-الظهر-a000544,https://iraq-ninja-store.arabsad.com/products/حزام-لدعم-وتقويم-الظهر-a000544.html
186,رذاذ تلميع زجاج السيارة,A.004995,رذاذ-تلميع-زجاج-السيارة-a004995,https://iraq-ninja-store.arabsad.com/products/رذاذ-تلميع-زجاج-السيارة-a004995.html
187,بخاخ تحديد شعر الوجه للحلاقة,A.005342,بخاخ-تحديد-شعر-الوجه-للحلاقة-a005342,https://iraq-ninja-store.arabsad.com/products/بخاخ-تحديد-شعر-الوجه-للحلاقة-a005342.html
188,مكيف الهواء المتنقل,A.000467,مكيف-الهواء-المتنقل-a000467,https://iraq-ninja-store.arabsad.com/products/مكيف-الهواء-المتنقل-a000467.html
189,فرشاة تنظيف متعددة,A.003309,فرشاة-تنظيف-متعددة-a003309,https://iraq-ninja-store.arabsad.com/products/فرشاة-تنظيف-متعددة-a003309.html
190,معجزو ازالة الجير و البقع الداكنة في الاسنان,A.004868,معجزو-ازالة-الجير-و-البقع-الداكنة-في-الاسنان-a004868,https://iraq-ninja-store.arabsad.com/products/معجزو-ازالة-الجير-و-البقع-الداكنة-في-الاسنان-a004868.html
191,جهاز مساج القدمين,A.001499,جهاز-مساج-القدمين-a001499,https://iraq-ninja-store.arabsad.com/products/جهاز-مساج-القدمين-a001499.html
192,مشد كيم كارداشيان الأصلي ( مشد للخصر ) لارج - اكس لارج,A.000537,مشد-كيم-كارداشيان-الأصلي-مشد-للخصر-لارج-اكس-لارج-a000537,https://iraq-ninja-store.arabsad.com/products/مشد-كيم-كارداشيان-الأصلي-مشد-للخصر-لارج-اكس-لارج-a000537.html
193,قطاعة  من ستانلس ستيل,A.002062,قطاعة-من-ستانلس-ستيل-a002062,https://iraq-ninja-store.arabsad.com/products/قطاعة-من-ستانلس-ستيل-a002062.html
194,مكنسة دوارة بثلاثة فراشي,A.000130,مكنسة-دوارة-بثلاثة-فراشي-a000130,https://iraq-ninja-store.arabsad.com/products/مكنسة-دوارة-بثلاثة-فراشي-a000130.html
195,مدفئة محمولة و صغيرة الحجم,A.000222,مدفئة-محمولة-و-صغيرة-الحجم-a000222,https://iraq-ninja-store.arabsad.com/products/مدفئة-محمولة-و-صغيرة-الحجم-a000222.html
196,مكنسة كهربائية محمولة 3 في 1,A.003541,مكنسة-كهربائية-محمولة-3-في-1-a003541,https://iraq-ninja-store.arabsad.com/products/مكنسة-كهربائية-محمولة-3-في-1-a003541.html
197,مشط كهربائي لإزالة القمل,A.000383,مشط-كهربائي-لإزالة-القمل-a000383,https://iraq-ninja-store.arabsad.com/products/مشط-كهربائي-لإزالة-القمل-a000383.html
198,جهاز إزالة شعر الوجه بالخيط,A.000350,جهاز-إزالة-شعر-الوجه-بالخيط-a000350,https://iraq-ninja-store.arabsad.com/products/جهاز-إزالة-شعر-الوجه-بالخيط-a000350.html
199,حوض أسماك ذاتي التنظيف,A.000337,حوض-أسماك-ذاتي-التنظيف-a000337,https://iraq-ninja-store.arabsad.com/products/حوض-أسماك-ذاتي-التنظيف-a000337.html
200,رول الدهان العجيب القابل لاعادة التعبئة,A.000798,رول-الدهان-العجيب-القابل-لاعادة-التعبئة-a000798,https://iraq-ninja-store.arabsad.com/products/رول-الدهان-العجيب-القابل-لاعادة-التعبئة-a000798.html
201,الماسك المغناطيسي لتصفية و تنقية البشرة,A.000248,الماسك-المغناطيسي-لتصفية-و-تنقية-البشرة-a000248,https://iraq-ninja-store.arabsad.com/products/الماسك-المغناطيسي-لتصفية-و-تنقية-البشرة-a000248.html
202,بروتين الشعر البرازيلي,A.001966,بروتين-الشعر-البرازيلي-a001966,https://iraq-ninja-store.arabsad.com/products/بروتين-الشعر-البرازيلي-a001966.html
203,ماكنة صنع الفشار الصحية,A.001630,ماكنة-صنع-الفشار-الصحية-a001630,https://iraq-ninja-store.arabsad.com/products/ماكنة-صنع-الفشار-الصحية-a001630.html
204,مجموعة بخاخ لازالة الشعر الزائد لكلا الجنسين,G.000580,مجموعة-بخاخ-لازالة-الشعر-الزائد-لكلا-الجنسين-g000580,https://iraq-ninja-store.arabsad.com/products/مجموعة-بخاخ-لازالة-الشعر-الزائد-لكلا-الجنسين-g000580.html
205,وسادة النوم لدعم الرقبة,A.001198,وسادة-النوم-لدعم-الرقبة-a001198,https://iraq-ninja-store.arabsad.com/products/وسادة-النوم-لدعم-الرقبة-a001198.html
206,جهاز مساج وتدليك الجسم الطبي,A.000896,جهاز-مساج-وتدليك-الجسم-الطبي-a000896,https://iraq-ninja-store.arabsad.com/products/جهاز-مساج-وتدليك-الجسم-الطبي-a000896.html
207,سيروم ذا اورديناري لتحسين البشرة,A.004393,سيروم-ذا-اورديناري-لتحسين-البشرة-a004393,https://iraq-ninja-store.arabsad.com/products/سيروم-ذا-اورديناري-لتحسين-البشرة-a004393.html
208,وسادة تدليك الرقبة الكهربائية,A.001166,وسادة-تدليك-الرقبة-الكهربائية-a001166,https://iraq-ninja-store.arabsad.com/products/وسادة-تدليك-الرقبة-الكهربائية-a001166.html
209,كريم الحلزون لترطيب للبشرة,A.004755,كريم-الحلزون-لترطيب-للبشرة-a004755,https://iraq-ninja-store.arabsad.com/products/كريم-الحلزون-لترطيب-للبشرة-a004755.html
210,كريم الحلزون لترطيب للبشرة,A.004755,كريم-الحلزون-لترطيب-للبشرة-a004755,https://iraq-ninja-store.arabsad.com/products/كريم-الحلزون-لترطيب-للبشرة-a004755.html
211,نظارة الرؤيه السحريه من  ماجيك فيجن,A.001295,نظارة-الرؤيه-السحريه-من-ماجيك-فيجن-a001295,https://iraq-ninja-store.arabsad.com/products/نظارة-الرؤيه-السحريه-من-ماجيك-فيجن-a001295.html
212,حذاء بأحجار بارزة للمساج 38-39,A.000234,حذاء-بأحجار-بارزة-للمساج-38-39-a000234,https://iraq-ninja-store.arabsad.com/products/حذاء-بأحجار-بارزة-للمساج-38-39-a000234.html
213,جهاز قياس ضغط الدم,A.001465,جهاز-قياس-ضغط-الدم-a001465,https://iraq-ninja-store.arabsad.com/products/جهاز-قياس-ضغط-الدم-a001465.html
214,جهاز تجميل الوجه الاحترافي,A.001606,جهاز-تجميل-الوجه-الاحترافي-a001606,https://iraq-ninja-store.arabsad.com/products/جهاز-تجميل-الوجه-الاحترافي-a001606.html
215,مصباح تخييم متعدد الألوان يعمل بالطاقة الشمسية,A.001960,مصباح-تخييم-متعدد-الألوان-يعمل-بالطاقة-الشمسية-a001960,https://iraq-ninja-store.arabsad.com/products/مصباح-تخييم-متعدد-الألوان-يعمل-بالطاقة-الشمسية-a001960.html
216,مشط الشعر الذهبي,A.001241,مشط-الشعر-الذهبي-a001241,https://iraq-ninja-store.arabsad.com/products/مشط-الشعر-الذهبي-a001241.html
217,قناع تجديد اشراق الوجه,A.001526,قناع-تجديد-اشراق-الوجه-a001526,https://iraq-ninja-store.arabsad.com/products/قناع-تجديد-اشراق-الوجه-a001526.html
218,جهاز ريفوفليكس للتمارين الرياضية,A.000971,جهاز-ريفوفليكس-للتمارين-الرياضية-a000971,https://iraq-ninja-store.arabsad.com/products/جهاز-ريفوفليكس-للتمارين-الرياضية-a000971.html
219,مدفع الرغوة المحمول,A.001438,مدفع-الرغوة-المحمول-a001438,https://iraq-ninja-store.arabsad.com/products/مدفع-الرغوة-المحمول-a001438.html
220,كاميرا وهمية تعمل بالطاقة الشمسية,A.001751,كاميرا-وهمية-تعمل-بالطاقة-الشمسية-a001751,https://iraq-ninja-store.arabsad.com/products/كاميرا-وهمية-تعمل-بالطاقة-الشمسية-a001751.html
221,عصا سيلفي  تدور 360 درجة,A.002118,عصا-سيلفي-تدور-360-درجة-a002118,https://iraq-ninja-store.arabsad.com/products/عصا-سيلفي-تدور-360-درجة-a002118.html
222,مطحنة القهوة من بييكا,A.005209,مطحنة-القهوة-من-بييكا-a005209,https://iraq-ninja-store.arabsad.com/products/مطحنة-القهوة-من-بييكا-a005209.html
223,مسدس الفقاعات,A.002197,مسدس-الفقاعات-a002197,https://iraq-ninja-store.arabsad.com/products/مسدس-الفقاعات-a002197.html
224,خلاط زجاجة محمول,A.002277,خلاط-زجاجة-محمول-a002277,https://iraq-ninja-store.arabsad.com/products/خلاط-زجاجة-محمول-a002277.html
225,جهاز تدليك ومساج للرقبة والجسم,A.001039,جهاز-تدليك-ومساج-للرقبة-والجسم-a001039,https://iraq-ninja-store.arabsad.com/products/جهاز-تدليك-ومساج-للرقبة-والجسم-a001039.html
226,خزانة ملابس من القماش,A.003679,خزانة-ملابس-من-القماش-a003679,https://iraq-ninja-store.arabsad.com/products/خزانة-ملابس-من-القماش-a003679.html
227,طارد الحشرات والفئران,A.004791,طارد-الحشرات-والفئران-a004791,https://iraq-ninja-store.arabsad.com/products/طارد-الحشرات-والفئران-a004791.html
228,جامع البول القابل لإعادة الاستخدام,A.004538,جامع-البول-القابل-لإعادة-الاستخدام-a004538,https://iraq-ninja-store.arabsad.com/products/جامع-البول-القابل-لإعادة-الاستخدام-a004538.html
229,مشط الشعر بالليزر لإنبات الشعر,A.000275,مشط-الشعر-بالليزر-لإنبات-الشعر-a000275,https://iraq-ninja-store.arabsad.com/products/مشط-الشعر-بالليزر-لإنبات-الشعر-a000275.html
230,اداة صنع الكباب اليدوية,A.001260,اداة-صنع-الكباب-اليدوية-a001260,https://iraq-ninja-store.arabsad.com/products/اداة-صنع-الكباب-اليدوية-a001260.html
231,عجلة لتمارين عضلات البطن بدون شاشة,A.003714,عجلة-لتمارين-عضلات-البطن-بدون-شاشة-a003714,https://iraq-ninja-store.arabsad.com/products/عجلة-لتمارين-عضلات-البطن-بدون-شاشة-a003714.html
232,القلم الذهبي لازالة شعر الوجه,A.000357,القلم-الذهبي-لازالة-شعر-الوجه-a000357,https://iraq-ninja-store.arabsad.com/products/القلم-الذهبي-لازالة-شعر-الوجه-a000357.html
233,مصباح يدوي متعددة الاستخدامات,A.005328,مصباح-يدوي-متعددة-الاستخدامات-a005328,https://iraq-ninja-store.arabsad.com/products/مصباح-يدوي-متعددة-الاستخدامات-a005328.html
234,قطاعة اللحوم الكهربائية الأوتوماتيكية,A.001927,قطاعة-اللحوم-الكهربائية-الأوتوماتيكية-a001927,https://iraq-ninja-store.arabsad.com/products/قطاعة-اللحوم-الكهربائية-الأوتوماتيكية-a001927.html
235,سماعة اذن مقاومة للماء,A.004741,سماعة-اذن-مقاومة-للماء-a004741,https://iraq-ninja-store.arabsad.com/products/سماعة-اذن-مقاومة-للماء-a004741.html
236,كاميرا سكوب للهاتف,A.001108,كاميرا-سكوب-للهاتف-a001108,https://iraq-ninja-store.arabsad.com/products/كاميرا-سكوب-للهاتف-a001108.html
237,المكنسة الكهربائية العامودية,A.001244,المكنسة-الكهربائية-العامودية-a001244,https://iraq-ninja-store.arabsad.com/products/المكنسة-الكهربائية-العامودية-a001244.html
238,مشد الكرش الرجالي بسحابات للإغلاق,A.000232,مشد-الكرش-الرجالي-بسحابات-للإغلاق-a000232,https://iraq-ninja-store.arabsad.com/products/مشد-الكرش-الرجالي-بسحابات-للإغلاق-a000232.html
239,جهاز الطاقة الشمسية لقتل البعوض,A.000086,جهاز-الطاقة-الشمسية-لقتل-البعوض-a000086,https://iraq-ninja-store.arabsad.com/products/جهاز-الطاقة-الشمسية-لقتل-البعوض-a000086.html
240,مملس و مموج شعر احترافي  للصالونات و الإستخدام الشخصي,A.000123,مملس-و-مموج-شعر-احترافي-للصالونات-و-الإستخدام-الشخصي-a000123,https://iraq-ninja-store.arabsad.com/products/مملس-و-مموج-شعر-احترافي-للصالونات-و-الإستخدام-الشخصي-a000123.html
241,كرسي التمارين الرياضية من روكيت,A.001284,كرسي-التمارين-الرياضية-من-روكيت-a001284,https://iraq-ninja-store.arabsad.com/products/كرسي-التمارين-الرياضية-من-روكيت-a001284.html
242,باربيكيو جريل,A.001152,باربيكيو-جريل-a001152,https://iraq-ninja-store.arabsad.com/products/باربيكيو-جريل-a001152.html
243,أضواء ليزرية لتزيين المنزل,A.000073,أضواء-ليزرية-لتزيين-المنزل-a000073,https://iraq-ninja-store.arabsad.com/products/أضواء-ليزرية-لتزيين-المنزل-a000073.html
244,حوض الاستحمام القابل للطي للاطفال,A.001678,حوض-الاستحمام-القابل-للطي-للاطفال-a001678,https://iraq-ninja-store.arabsad.com/products/حوض-الاستحمام-القابل-للطي-للاطفال-a001678.html
245,يد تحكم لجميع الهواتف الذكية,A.000488,يد-تحكم-لجميع-الهواتف-الذكية-a000488,https://iraq-ninja-store.arabsad.com/products/يد-تحكم-لجميع-الهواتف-الذكية-a000488.html
246,"جهاز ""أوبتيما"" لإزالة الشعر غير المرغوب به",A.000183,جهاز-أوبتيما-لإزالة-الشعر-غير-المرغوب-به-a000183,https://iraq-ninja-store.arabsad.com/products/جهاز-أوبتيما-لإزالة-الشعر-غير-المرغوب-به-a000183.html
247,كريم ترطيب العيون بالكولاجين,A.004834,كريم-ترطيب-العيون-بالكولاجين-a004834,https://iraq-ninja-store.arabsad.com/products/كريم-ترطيب-العيون-بالكولاجين-a004834.html
248,مقعد الاطفال للحمام المزود بدرج,A.000454,مقعد-الاطفال-للحمام-المزود-بدرج-a000454,https://iraq-ninja-store.arabsad.com/products/مقعد-الاطفال-للحمام-المزود-بدرج-a000454.html
249,مموج الشعر التلقائي اللاسلكي,A.000997,مموج-الشعر-التلقائي-اللاسلكي-a000997,https://iraq-ninja-store.arabsad.com/products/مموج-الشعر-التلقائي-اللاسلكي-a000997.html
250,4 في 1 باور بانك متطور,A.001312,4-في-1-باور-بانك-متطور-a001312,https://iraq-ninja-store.arabsad.com/products/4-في-1-باور-بانك-متطور-a001312.html
251,جهاز تنضيف الاسنان المحمول,A.001303,جهاز-تنضيف-الاسنان-المحمول-a001303,https://iraq-ninja-store.arabsad.com/products/جهاز-تنضيف-الاسنان-المحمول-a001303.html
252,جهاز مساج كهربائي متعدد الاستخدام,A.001215,جهاز-مساج-كهربائي-متعدد-الاستخدام-a001215,https://iraq-ninja-store.arabsad.com/products/جهاز-مساج-كهربائي-متعدد-الاستخدام-a001215.html
253,رفوف الميكرويف,A.001218,رفوف-الميكرويف-a001218,https://iraq-ninja-store.arabsad.com/products/رفوف-الميكرويف-a001218.html
254,مغطس و جهاز مساج للقدمين,A.000344,مغطس-و-جهاز-مساج-للقدمين-a000344,https://iraq-ninja-store.arabsad.com/products/مغطس-و-جهاز-مساج-للقدمين-a000344.html
255,الشورت الحراري,A.000540,الشورت-الحراري-a000540,https://iraq-ninja-store.arabsad.com/products/الشورت-الحراري-a000540.html
256,جهاز تدليك الجسم المزدوج,A.002117,جهاز-تدليك-الجسم-المزدوج-a002117,https://iraq-ninja-store.arabsad.com/products/جهاز-تدليك-الجسم-المزدوج-a002117.html
257,اداة ضغط العجين,A.001581,اداة-ضغط-العجين-a001581,https://iraq-ninja-store.arabsad.com/products/اداة-ضغط-العجين-a001581.html
258,مجموعة تبييض الاسنان,A.005258,مجموعة-تبييض-الاسنان-a005258,https://iraq-ninja-store.arabsad.com/products/مجموعة-تبييض-الاسنان-a005258.html
259,ايكو بيرس مجموعة فرش غسيل السيارة,A.003362,ايكو-بيرس-مجموعة-فرش-غسيل-السيارة-a003362,https://iraq-ninja-store.arabsad.com/products/ايكو-بيرس-مجموعة-فرش-غسيل-السيارة-a003362.html
260,جريل متعدد الإستعمالات,A.000204,جريل-متعدد-الإستعمالات-a000204,https://iraq-ninja-store.arabsad.com/products/جريل-متعدد-الإستعمالات-a000204.html
261,ضوء لتزيين الحدائق بتصميم نيران راقصة,A.000088,ضوء-لتزيين-الحدائق-بتصميم-نيران-راقصة-a000088,https://iraq-ninja-store.arabsad.com/products/ضوء-لتزيين-الحدائق-بتصميم-نيران-راقصة-a000088.html
262,طاولة لاب توب قابلة للطي‎,A.001222,طاولة-لاب-توب-قابلة-للطي-a001222,https://iraq-ninja-store.arabsad.com/products/طاولة-لاب-توب-قابلة-للطي-a001222.html
263,مروحة تبريد قابلة للطي,A.004875,مروحة-تبريد-قابلة-للطي-a004875,https://iraq-ninja-store.arabsad.com/products/مروحة-تبريد-قابلة-للطي-a004875.html
264,غسالة كهربائية قابلة للطي شحن,A.001642,غسالة-كهربائية-قابلة-للطي-شحن-a001642,https://iraq-ninja-store.arabsad.com/products/غسالة-كهربائية-قابلة-للطي-شحن-a001642.html
265,فرشاة أسنان كهربائية مع أربع رؤوس,A.000290,فرشاة-أسنان-كهربائية-مع-أربع-رؤوس-a000290,https://iraq-ninja-store.arabsad.com/products/فرشاة-أسنان-كهربائية-مع-أربع-رؤوس-a000290.html
266,حافظة طعام كهربائية لحفظ وتسخين الطعام,A.000053,حافظة-طعام-كهربائية-لحفظ-وتسخين-الطعام-a000053,https://iraq-ninja-store.arabsad.com/products/حافظة-طعام-كهربائية-لحفظ-وتسخين-الطعام-a000053.html
267,لعبة سباق سيارات داخل الأنابيب مع ريموت,A.000426,لعبة-سباق-سيارات-داخل-الأنابيب-مع-ريموت-a000426,https://iraq-ninja-store.arabsad.com/products/لعبة-سباق-سيارات-داخل-الأنابيب-مع-ريموت-a000426.html
268,مسدس غسيل عالي الضغط اللاسلكي,A.004040,مسدس-غسيل-عالي-الضغط-اللاسلكي-a004040,https://iraq-ninja-store.arabsad.com/products/مسدس-غسيل-عالي-الضغط-اللاسلكي-a004040.html
269,عجلة لتمارين عضلات البطن مع شاشة,A.005187,عجلة-لتمارين-عضلات-البطن-مع-شاشة-a005187,https://iraq-ninja-store.arabsad.com/products/عجلة-لتمارين-عضلات-البطن-مع-شاشة-a005187.html
270,خزنة أمان رقمية فاخرة,A.001044,خزنة-أمان-رقمية-فاخرة-a001044,https://iraq-ninja-store.arabsad.com/products/خزنة-أمان-رقمية-فاخرة-a001044.html
271,خيمة امنة للعب للاطفال,A.001197,خيمة-امنة-للعب-للاطفال-a001197,https://iraq-ninja-store.arabsad.com/products/خيمة-امنة-للعب-للاطفال-a001197.html
272,فرد  نانو المحمول للتعقيم بالبخار,A.001077,فرد-نانو-المحمول-للتعقيم-بالبخار-a001077,https://iraq-ninja-store.arabsad.com/products/فرد-نانو-المحمول-للتعقيم-بالبخار-a001077.html
273,خلاط كهربائي متعدد الاستخدامات,A.001199,خلاط-كهربائي-متعدد-الاستخدامات-a001199,https://iraq-ninja-store.arabsad.com/products/خلاط-كهربائي-متعدد-الاستخدامات-a001199.html
274,فرشاة الشعر الدوارة لتصفيف و تمويج الشعر,A.000296,فرشاة-الشعر-الدوارة-لتصفيف-و-تمويج-الشعر-a000296,https://iraq-ninja-store.arabsad.com/products/فرشاة-الشعر-الدوارة-لتصفيف-و-تمويج-الشعر-a000296.html
275,دريل متعدد الاستخدامات,A.001214,دريل-متعدد-الاستخدامات-a001214,https://iraq-ninja-store.arabsad.com/products/دريل-متعدد-الاستخدامات-a001214.html
276,طاولة قابلة للتعديل,A.001251,طاولة-قابلة-للتعديل-a001251,https://iraq-ninja-store.arabsad.com/products/طاولة-قابلة-للتعديل-a001251.html
277,مشد الظهر و الاكتاف,A.001110,مشد-الظهر-و-الاكتاف-a001110,https://iraq-ninja-store.arabsad.com/products/مشد-الظهر-و-الاكتاف-a001110.html
278,فيلر للشعر,A.002202,فيلر-للشعر-a002202,https://iraq-ninja-store.arabsad.com/products/فيلر-للشعر-a002202.html
279,سخان غاز وطباخ,A.003169,سخان-غاز-وطباخ-a003169,https://iraq-ninja-store.arabsad.com/products/سخان-غاز-وطباخ-a003169.html
280,طاولة للاطفال للعب بالليجو,A.001628,طاولة-للاطفال-للعب-بالليجو-a001628,https://iraq-ninja-store.arabsad.com/products/طاولة-للاطفال-للعب-بالليجو-a001628.html
281,ماكنة صنع البوشار,A.002070,ماكنة-صنع-البوشار-a002070,https://iraq-ninja-store.arabsad.com/products/ماكنة-صنع-البوشار-a002070.html
282,ماكينة الخبز العربي,A.001306,ماكينة-الخبز-العربي-a001306,https://iraq-ninja-store.arabsad.com/products/ماكينة-الخبز-العربي-a001306.html
283,غسالة أحذية مع تحكم في المؤقت,A.001258,غسالة-أحذية-مع-تحكم-في-المؤقت-a001258,https://iraq-ninja-store.arabsad.com/products/غسالة-أحذية-مع-تحكم-في-المؤقت-a001258.html
284,جهاز عرض الافلام من وندر لاند,A.001532,جهاز-عرض-الافلام-من-وندر-لاند-a001532,https://iraq-ninja-store.arabsad.com/products/جهاز-عرض-الافلام-من-وندر-لاند-a001532.html
285,مجموعة تبيض الاسنان الذكية‎,A.000854,مجموعة-تبيض-الاسنان-الذكية-a000854,https://iraq-ninja-store.arabsad.com/products/مجموعة-تبيض-الاسنان-الذكية-a000854.html
286,جهاز جي بي اس لتحديد المواقع السيارات مقاوم للماء,A.001208,جهاز-جي-بي-اس-لتحديد-المواقع-السيارات-مقاوم-للماء-a001208,https://iraq-ninja-store.arabsad.com/products/جهاز-جي-بي-اس-لتحديد-المواقع-السيارات-مقاوم-للماء-a001208.html
287,مكواة البخار الكهربائية,A.002076,مكواة-البخار-الكهربائية-a002076,https://iraq-ninja-store.arabsad.com/products/مكواة-البخار-الكهربائية-a002076.html
288,وسادة ثلاثية الأبعاد,A.002119,وسادة-ثلاثية-الأبعاد-a002119,https://iraq-ninja-store.arabsad.com/products/وسادة-ثلاثية-الأبعاد-a002119.html
289,الجهاز الرياضي العامودي,A.001173,الجهاز-الرياضي-العامودي-a001173,https://iraq-ninja-store.arabsad.com/products/الجهاز-الرياضي-العامودي-a001173.html
290,أداة اللياقة البدنية متعددة الوظائف,A.001691,أداة-اللياقة-البدنية-متعددة-الوظائف-a001691,https://iraq-ninja-store.arabsad.com/products/أداة-اللياقة-البدنية-متعددة-الوظائف-a001691.html
291,صندوق التصوير الاحترافي,A.001302,صندوق-التصوير-الاحترافي-a001302,https://iraq-ninja-store.arabsad.com/products/صندوق-التصوير-الاحترافي-a001302.html
292,مدلك القدم بالحرارة من شياتسو,A.001023,مدلك-القدم-بالحرارة-من-شياتسو-a001023,https://iraq-ninja-store.arabsad.com/products/مدلك-القدم-بالحرارة-من-شياتسو-a001023.html
293,عجلة البطن متعددة الوظائف,A.001082,عجلة-البطن-متعددة-الوظائف-a001082,https://iraq-ninja-store.arabsad.com/products/عجلة-البطن-متعددة-الوظائف-a001082.html
294,مكواة البخار الكهربائية,A.001724,مكواة-البخار-الكهربائية-a001724,https://iraq-ninja-store.arabsad.com/products/مكواة-البخار-الكهربائية-a001724.html
295,مضخة ماء كبيرة لتنظيف الأسطح و السيارات,A.000386,مضخة-ماء-كبيرة-لتنظيف-الأسطح-و-السيارات-a000386,https://iraq-ninja-store.arabsad.com/products/مضخة-ماء-كبيرة-لتنظيف-الأسطح-و-السيارات-a000386.html
296,جهاز سكس باك كير مع دواسات لتنحيف وشد ترهلات الجسم,A.001086,جهاز-سكس-باك-كير-مع-دواسات-لتنحيف-وشد-ترهلات-الجسم-a001086,https://iraq-ninja-store.arabsad.com/products/جهاز-سكس-باك-كير-مع-دواسات-لتنحيف-وشد-ترهلات-الجسم-a001086.html
297,جهاز الوضوء وغسيل القدمين,A.001085,جهاز-الوضوء-وغسيل-القدمين-a001085,https://iraq-ninja-store.arabsad.com/products/جهاز-الوضوء-وغسيل-القدمين-a001085.html
298,مرش الضغط العالي,A.001196,مرش-الضغط-العالي-a001196,https://iraq-ninja-store.arabsad.com/products/مرش-الضغط-العالي-a001196.html
299,الة اللياقة البدنية,A.001252,الة-اللياقة-البدنية-a001252,https://iraq-ninja-store.arabsad.com/products/الة-اللياقة-البدنية-a001252.html
300,دراجة التمارين الرياضية مزودة بقرص دوار لنحت الخصر,A.001106,دراجة-التمارين-الرياضية-مزودة-بقرص-دوار-لنحت-الخصر-a001106,https://iraq-ninja-store.arabsad.com/products/دراجة-التمارين-الرياضية-مزودة-بقرص-دوار-لنحت-الخصر-a001106.html
301,مروحة تهوية تعمل على الطاقة الشمسية,A.000280,مروحة-تهوية-تعمل-على-الطاقة-الشمسية-a000280,https://iraq-ninja-store.arabsad.com/products/مروحة-تهوية-تعمل-على-الطاقة-الشمسية-a000280.html
